{"stats":{"minecraft:killed":{"minecraft:zombie":1},"minecraft:custom":{"minecraft:jump":97,"minecraft:time_since_rest":14868,"minecraft:damage_dealt":184,"minecraft:leave_game":4,"minecraft:play_time":14868,"minecraft:sprint_one_cm":16346,"minecraft:time_since_death":14868,"minecraft:walk_one_cm":8285,"minecraft:total_world_time":14868,"minecraft:mob_kills":1,"minecraft:fall_one_cm":476,"minecraft:fly_one_cm":183603},"minecraft:mined":{"minecraft:birch_leaves":1,"minecraft:oak_leaves":1}},"DataVersion":3465}